2017-11-07,23:59,2
2017-11-08,0:39,4
2017-11-08,1:36,4
2017-11-08,3:12,4
2017-11-08,5:01,4
2017-11-08,6:05,4
2017-11-08,6:52,2
2017-11-08,7:32,6
2017-11-08,8:32,4
2017-11-08,10:03,4
2017-11-08,11:33,4
2017-11-08,12:33,4
2017-11-08,14:14,4
2017-11-08,15:56,4
2017-11-08,17:28,4
2017-11-08,18:44,24
2017-11-08,18:46,10
2017-11-08,18:59,2
2017-11-08,19:00,2
2017-11-08,20:59,6
2017-11-08,22:59,4
2017-11-08,23:12,2
2017-11-09,0:22,2
2017-11-09,0:23,2
2017-11-09,1:49,4
2017-11-09,3:35,2
2017-11-09,3:36,2
2017-11-09,5:43,4
2017-11-09,6:35,22
2017-11-09,6:36,8
2017-11-09,8:25,2
2017-11-09,8:26,2
2017-11-09,9:10,6
2017-11-09,10:27,2
2017-11-09,10:28,2
2017-11-09,10:43,4
2017-11-09,11:36,4
2017-11-09,12:22,4
2017-11-09,13:20,4
2017-11-09,13:39,6
2017-11-09,14:34,16
2017-11-09,14:35,8
2017-11-09,14:36,4
2017-11-09,14:37,4
2017-11-09,14:38,10
2017-11-09,14:39,10
2017-11-09,14:40,4
2017-11-09,14:49,4
2017-11-09,14:52,4
2017-11-09,15:16,20
2017-11-09,17:25,2
2017-11-09,19:53,34
2017-11-09,19:54,4
2017-11-09,20:12,4
2017-11-09,20:13,4
2017-11-09,20:56,2
2017-11-09,20:59,2
2017-11-09,21:27,2
2017-11-09,21:30,2
2017-11-09,21:33,2
2017-11-09,22:16,2
2017-11-09,22:17,2
2017-11-09,23:14,4
2017-11-09,23:55,2
2017-11-09,23:57,2
2017-11-10,1:04,2
2017-11-10,1:06,2
2017-11-10,3:18,2
2017-11-10,3:21,2
2017-11-10,4:14,2
2017-11-10,4:16,2
2017-11-10,6:22,2
2017-11-10,6:24,2
2017-11-10,6:48,2
2017-11-10,6:49,2
2017-11-10,7:37,2
2017-11-10,7:46,2
2017-11-10,7:49,2
2017-11-10,8:54,4
2017-11-10,15:55,32
2017-11-10,20:27,2
2017-11-11,8:49,4
2017-11-11,10:33,2
2017-11-11,12:19,36
2017-11-11,16:20,6
2017-11-11,18:10,2
2017-11-11,19:14,40
2017-11-11,19:15,6
2017-11-11,19:16,4
2017-11-11,19:23,4
2017-11-11,19:24,16
2017-11-11,19:25,8
2017-11-11,19:32,2
2017-11-11,19:33,8
2017-11-11,19:35,6
2017-11-11,19:37,10
2017-11-11,19:38,12
2017-11-11,19:39,10
2017-11-11,19:40,20
2017-11-11,19:41,12
2017-11-11,19:42,16
2017-11-11,19:44,6
2017-11-11,19:45,8
2017-11-11,19:46,22
2017-11-11,19:47,6
2017-11-11,21:45,6
2017-11-11,21:46,8
2017-11-11,21:50,6
2017-11-12,0:04,2
2017-11-12,0:40,4
2017-11-12,0:48,4
2017-11-12,2:12,4
2017-11-12,5:59,28
2017-11-12,6:00,2
2017-11-12,6:02,4
2017-11-12,11:17,4
2017-11-12,11:18,38
2017-11-12,11:36,4
2017-11-12,12:00,2
2017-11-12,12:38,34
2017-11-12,12:39,16
2017-11-12,12:40,4
2017-11-12,12:42,2
2017-11-12,12:43,12
2017-11-12,12:44,4
2017-11-12,12:48,2
2017-11-12,12:50,2
2017-11-12,12:57,10
2017-11-12,12:58,26
2017-11-12,12:59,20
2017-11-12,13:02,6
2017-11-12,13:11,20
2017-11-12,13:13,2
2017-11-12,15:33,4
2017-11-12,15:51,8
2017-11-12,19:43,32
2017-11-12,19:44,10
2017-11-12,20:30,8
2017-11-12,22:44,18
2017-11-12,22:45,2
2017-11-13,0:28,10
2017-11-13,1:02,2
2017-11-13,1:35,4
2017-11-13,5:54,4
2017-11-13,5:58,4
2017-11-13,9:11,4
2017-11-13,9:12,4
2017-11-13,10:22,4
2017-11-13,10:38,4
2017-11-13,13:02,42
2017-11-13,13:03,28
2017-11-13,14:51,6
2017-11-13,14:56,4
2017-11-13,15:52,4
2017-11-13,16:04,6
2017-11-13,16:05,24
2017-11-13,16:06,2
2017-11-13,16:17,4
2017-11-13,17:58,36
2017-11-13,17:59,8
2017-11-13,18:34,4
2017-11-13,18:35,4
2017-11-13,19:48,8
2017-11-13,22:34,2
2017-11-13,23:38,4
2017-11-13,23:43,4
2017-11-14,0:51,4
2017-11-14,0:56,4
2017-11-14,2:54,2
2017-11-14,3:47,10
2017-11-14,4:58,4
2017-11-14,5:48,4
2017-11-14,6:27,6
2017-11-14,8:49,4
2017-11-14,10:25,4
2017-11-14,11:19,2
2017-11-14,11:20,2
2017-11-14,12:40,4
2017-11-14,14:04,4
2017-11-14,15:51,2
2017-11-14,16:32,30
2017-11-14,18:12,6
2017-11-14,18:39,6
2017-11-14,18:51,2
2017-11-14,19:18,4
2017-11-14,20:42,2
2017-11-14,21:01,18
2017-11-14,21:02,2
2017-11-14,21:20,4
2017-11-14,22:27,14
2017-11-14,23:15,2
2017-11-14,23:38,4
2017-11-15,0:39,4
2017-11-15,3:31,4
2017-11-15,4:07,2
2017-11-15,4:32,4
2017-11-15,5:40,4
2017-11-15,7:21,6
2017-11-15,8:27,4
2017-11-15,9:31,4
2017-11-15,12:16,4
2017-11-15,14:35,2
2017-11-15,15:42,4
2017-11-15,16:24,2
2017-11-15,17:43,4
2017-11-15,18:56,4
2017-11-15,21:16,20
2017-11-15,23:58,6
2017-11-16,0:20,4
2017-11-16,2:28,4
2017-11-16,6:53,2
2017-11-16,7:44,4
2017-11-16,8:23,4
2017-11-16,9:11,4
2017-11-16,10:43,4
2017-11-16,15:23,26
2017-11-16,15:24,24
2017-11-16,15:26,22
2017-11-16,15:29,22
2017-11-16,15:31,28
2017-11-16,15:32,14
2017-11-16,15:51,66
2017-11-16,16:11,6
2017-11-16,16:12,28
2017-11-16,16:17,32
2017-11-16,16:20,2
2017-11-16,16:48,4
2017-11-16,17:21,4
2017-11-16,18:03,2
2017-11-16,18:33,4
2017-11-16,18:46,4
2017-11-16,19:51,26
2017-11-16,20:03,30
2017-11-16,20:29,4
2017-11-16,22:21,2
2017-11-16,22:25,4
2017-11-16,23:56,4
2017-11-17,3:09,4
2017-11-17,3:56,22
2017-11-17,4:34,24
2017-11-17,4:35,6
2017-11-17,5:02,6
2017-11-17,5:17,20
2017-11-17,5:20,42
2017-11-17,5:53,30
2017-11-17,5:54,12
2017-11-17,6:27,4
2017-11-17,8:03,4
2017-11-17,9:50,4
2017-11-17,11:15,4
2017-11-17,12:44,4
2017-11-17,13:27,20
2017-11-17,13:28,12
2017-11-17,13:29,26
2017-11-17,13:30,6
2017-11-17,13:37,18
2017-11-17,13:38,4
2017-11-17,14:54,4
2017-11-17,15:12,24
2017-11-17,15:13,8
2017-11-17,15:15,6
2017-11-17,15:16,2
2017-11-17,15:23,12
2017-11-17,16:05,22
2017-11-17,16:07,4
2017-11-17,16:26,4
2017-11-17,16:27,2
2017-11-17,16:28,2
2017-11-17,16:35,1
2017-11-17,16:47,1
2017-11-17,16:48,9
2017-11-17,17:59,3
2017-11-17,18:00,7
2017-11-17,18:03,10
2017-11-17,18:08,10
2017-11-17,18:20,3
2017-11-17,18:21,3
2017-11-17,18:32,1
2017-11-17,18:34,12
2017-11-17,18:37,9
2017-11-17,18:48,3
2017-11-17,19:38,14
2017-11-17,19:39,5
2017-11-17,19:40,6
2017-11-17,19:41,8
2017-11-17,19:42,5
2017-11-17,20:29,2
2017-11-17,23:57,2
2017-11-17,23:59,5
2017-11-18,1:34,2
2017-11-18,5:35,13
2017-11-18,5:36,6
2017-11-18,6:34,2
2017-11-18,6:36,1
2017-11-18,6:37,4
2017-11-18,6:42,2
2017-11-18,6:43,1
2017-11-18,6:44,1
2017-11-18,6:49,2
2017-11-18,6:54,1
2017-11-18,7:06,1
2017-11-18,7:07,10
2017-11-18,7:10,1
2017-11-18,7:12,1
2017-11-18,7:13,1
2017-11-18,7:14,4
2017-11-18,7:16,10
2017-11-18,7:28,1
2017-11-18,7:36,1
2017-11-18,8:09,1
2017-11-18,8:10,2
2017-11-18,8:11,1
2017-11-18,8:40,11
2017-11-18,8:46,11
2017-11-18,19:36,2
2017-11-18,21:55,3
2017-11-19,5:09,3
2017-11-19,6:49,12
2017-11-19,6:52,11
2017-11-19,6:53,3
2017-11-19,6:54,2
2017-11-19,6:55,6
2017-11-19,7:31,1
2017-11-19,7:51,2
2017-11-19,10:43,1
2017-11-19,13:19,10
2017-11-19,13:30,24
2017-11-19,15:28,4
2017-11-19,20:33,3
2017-11-19,20:55,4
2017-11-19,20:58,1
2017-11-19,20:59,23
2017-11-19,21:10,2
2017-11-19,21:29,7
2017-11-19,21:30,2
2017-11-19,21:46,4
2017-11-19,22:04,2
2017-11-19,22:06,10
2017-11-19,22:15,1
2017-11-19,22:30,10
2017-11-19,22:31,11
2017-11-19,22:53,2
2017-11-19,23:39,1
2017-11-19,23:45,2
2017-11-20,0:51,1
2017-11-20,4:47,16
2017-11-20,4:48,7
2017-11-20,4:49,3
2017-11-20,4:50,3
2017-11-20,5:33,4
2017-11-20,6:48,2
2017-11-20,6:49,2
2017-11-20,7:54,2
2017-11-20,12:24,2
2017-11-20,13:18,13
2017-11-20,13:19,3
2017-11-21,8:17,10
2017-11-21,9:24,13
2017-11-21,10:48,1
2017-11-21,11:56,2
2017-11-21,12:04,2
2017-11-21,17:16,11
2017-11-21,17:32,2
2017-11-21,17:34,2
2017-11-21,20:05,2
2017-11-21,20:07,2
2017-11-22,0:32,1
2017-11-22,4:57,5
2017-11-22,5:58,2
2017-11-22,5:59,2
2017-11-22,10:03,14
2017-11-22,13:35,2
2017-11-22,13:36,2
2017-11-22,14:48,2
2017-11-22,23:19,13
2017-11-22,23:20,2
2017-11-22,23:21,4
2017-11-22,23:22,5
2017-11-22,23:26,3
2017-11-22,23:27,3
2017-11-23,0:44,2
2017-11-23,0:45,1
2017-11-23,6:48,15
2017-11-23,7:15,14
2017-11-23,7:16,12
2017-11-23,7:18,6
2017-11-23,7:21,3
2017-11-23,7:22,10
2017-11-23,7:23,4
2017-11-23,7:25,2
2017-11-23,7:26,10
2017-11-23,7:32,2
2017-11-23,7:34,3
2017-11-23,7:36,6
2017-11-23,8:36,2
2017-11-23,8:37,1
2017-11-23,13:41,1
2017-11-23,13:43,9
2017-11-23,13:49,2
2017-11-23,13:51,13
2017-11-23,13:52,11
2017-11-23,13:53,11
2017-11-23,13:54,8
2017-11-23,13:55,7
2017-11-23,13:56,4
2017-11-23,13:57,2
2017-11-23,13:58,7
2017-11-23,14:03,2
2017-11-23,14:20,1
2017-11-23,14:21,7
2017-11-23,14:22,11
2017-11-23,14:23,2
2017-11-23,14:24,3
2017-11-23,17:53,4
2017-11-23,17:54,3
2017-11-23,17:55,1
2017-11-23,17:57,1
2017-11-23,18:02,1
2017-11-23,18:05,1
2017-11-23,18:08,1
2017-11-23,18:09,1
2017-11-23,18:12,1
2017-11-23,18:13,1
2017-11-23,18:19,1
2017-11-23,18:25,3
2017-11-23,18:26,2
2017-11-23,18:27,3
2017-11-23,18:28,1
2017-11-23,18:31,1
2017-11-23,18:35,11
2017-11-23,18:36,4
2017-11-23,18:37,6
2017-11-23,18:39,10
2017-11-23,18:40,11
2017-11-23,18:41,4
2017-11-23,18:42,12
2017-11-23,18:43,11
2017-11-23,18:44,2
2017-11-23,18:45,3
2017-11-23,18:46,2
2017-11-23,18:47,3
2017-11-23,18:48,4
2017-11-23,18:51,2
2017-11-23,18:52,1
2017-11-23,18:58,1
2017-11-23,18:59,12
2017-11-23,19:00,7
2017-11-23,19:01,15
2017-11-23,19:03,1
2017-11-23,19:09,6
2017-11-23,19:10,2
2017-11-23,19:11,1
2017-11-23,19:20,3
2017-11-23,19:21,1
2017-11-23,19:22,1
2017-11-23,19:32,2
2017-11-23,19:41,2
2017-11-23,19:44,1
2017-11-23,19:54,1
2017-11-23,19:55,1
2017-11-23,20:01,1
2017-11-23,20:03,1
2017-11-23,20:06,1
2017-11-23,20:11,1
2017-11-23,20:13,1
2017-11-23,20:16,1
2017-11-23,20:17,1
2017-11-23,20:18,1
2017-11-23,20:19,1
2017-11-23,20:23,1
2017-11-23,20:25,1
2017-11-23,20:31,1
2017-11-23,20:35,1
2017-11-23,20:36,1
2017-11-23,20:58,1
2017-11-23,22:30,1
2017-11-23,22:31,1
2017-11-24,2:36,15
2017-11-24,2:37,1
2017-11-24,3:32,2
2017-11-24,3:33,2
2017-11-24,6:06,4
2017-11-24,6:08,1
2017-11-24,6:16,1
2017-11-24,6:17,2
2017-11-24,6:26,1
2017-11-24,6:34,1
2017-11-24,6:40,1
2017-11-24,6:41,1
2017-11-24,6:43,1
2017-11-24,6:44,2
2017-11-24,6:46,1
2017-11-24,7:26,1
2017-11-24,7:27,2
2017-11-24,8:29,10
2017-11-24,9:36,9
2017-11-24,11:07,1
2017-11-24,11:17,1
2017-11-24,11:35,2
2017-11-24,12:06,2
2017-11-24,12:44,2
2017-11-24,13:35,1
2017-11-24,13:36,1
2017-11-24,14:58,10
2017-11-24,15:59,2
2017-11-24,16:00,2
2017-11-24,16:01,2
2017-11-24,17:29,10
2017-11-25,4:32,3
2017-11-25,11:11,10
2017-11-25,11:12,2
2017-11-25,11:13,1
2017-11-25,11:14,6
2017-11-25,11:15,2
2017-11-25,11:16,5
2017-11-25,15:28,21
2017-11-25,15:29,5
2017-11-25,15:33,5
2017-11-25,15:34,1
2017-11-25,15:42,4
2017-11-25,15:44,1
2017-11-25,15:48,3
2017-11-25,15:50,1
2017-11-25,15:55,1
2017-11-25,15:56,2
2017-11-25,15:57,1
2017-11-25,15:58,2
2017-11-25,16:01,1
2017-11-25,16:03,1
2017-11-25,16:27,1
2017-11-25,16:29,1
2017-11-25,16:34,2
2017-11-25,16:47,1
2017-11-25,16:52,2
2017-11-25,16:54,2
2017-11-25,16:57,1
2017-11-25,16:58,3
2017-11-25,17:08,1
2017-11-25,17:23,1
2017-11-25,17:24,2
2017-11-25,17:26,4
2017-11-25,17:27,2
2017-11-25,17:30,1
2017-11-25,17:31,1
2017-11-25,17:43,2
2017-11-25,17:44,2
2017-11-25,17:58,10
2017-11-25,18:08,1
2017-11-25,18:09,1
2017-11-25,18:10,2
2017-11-25,18:11,3
2017-11-25,18:13,12
2017-11-25,18:14,9
2017-11-25,18:17,9
2017-11-25,18:21,1
2017-11-25,18:22,7
2017-11-25,18:25,3
2017-11-25,18:28,4
2017-11-25,19:00,3
2017-11-25,19:27,12
2017-11-25,21:22,4
2017-11-25,21:25,1
2017-11-25,21:31,2
2017-11-25,21:32,2
2017-11-25,21:33,3
2017-11-25,21:37,1
2017-11-25,21:38,5
2017-11-25,21:39,10
2017-11-25,21:40,12
2017-11-25,21:41,6
2017-11-25,21:42,7
2017-11-25,21:44,10
2017-11-25,21:48,3
2017-11-26,5:31,2
2017-11-26,9:13,3
2017-11-26,13:18,2
2017-11-26,14:44,2
2017-11-26,15:57,1
2017-11-26,18:03,2
2017-11-26,18:25,9
2017-11-26,18:26,2
2017-11-26,18:27,1
2017-11-26,18:35,19
2017-11-26,19:09,12
2017-11-26,19:20,5
2017-11-26,19:30,20
2017-11-26,19:31,8
2017-11-26,19:32,1
2017-11-26,19:36,1
2017-11-26,19:38,3
2017-11-26,19:52,17
2017-11-26,19:53,10
2017-11-26,19:56,4
2017-11-26,19:59,1
2017-11-26,20:00,7
2017-11-26,20:01,9
2017-11-26,20:02,4
2017-11-26,20:03,4
2017-11-26,20:08,1
2017-11-26,20:54,4
2017-11-26,21:02,2
2017-11-26,21:24,3
2017-11-26,22:06,1
2017-11-26,22:07,2
2017-11-26,22:08,1
2017-11-26,22:12,3
2017-11-26,22:13,3
2017-11-26,22:15,3
2017-11-26,22:17,2
2017-11-26,22:18,5
2017-11-29,6:58,1
2017-11-29,6:59,10
2017-11-29,7:00,2
2017-11-29,13:31,2
2017-11-29,13:38,14
2017-11-29,13:46,4
2017-11-29,13:47,6
2017-11-29,13:49,5
2017-11-29,13:51,6
2017-11-29,13:57,1
2017-11-29,14:04,1
2017-11-29,14:05,8
2017-11-29,14:06,2
2017-11-29,14:31,1
2017-11-29,14:33,11
2017-11-29,14:38,6
2017-11-29,14:52,1
2017-11-29,14:53,2
2017-11-29,14:54,1
2017-11-29,14:55,3
2017-11-29,14:56,6
2017-11-29,15:00,4
2017-11-29,15:01,2
2017-11-29,15:04,7
2017-11-29,15:05,6
2017-11-29,15:07,16
2017-11-29,15:08,10
2017-11-29,15:11,8
2017-11-29,15:12,5
2017-11-29,15:13,4
2017-11-29,15:40,9
2017-11-29,15:41,9
2017-11-29,15:42,4
2017-11-29,15:43,6
2017-11-29,15:56,7
2017-11-29,16:08,3
2017-11-29,16:14,2
2017-11-29,16:15,11
2017-11-29,16:18,4
2017-11-29,16:21,36
2017-11-29,16:22,25
2017-11-29,16:23,29
2017-11-29,16:28,12
2017-11-29,16:29,1
2017-11-29,16:37,6
2017-11-29,16:38,3
2017-11-29,16:40,4
2017-11-29,16:43,5
2017-11-29,16:44,8
2017-11-29,16:45,15
2017-11-29,16:46,6
2017-11-29,17:00,10
2017-11-29,17:01,1
2017-11-29,17:24,11
2017-11-29,17:25,2
2017-11-29,17:30,1
2017-11-29,17:31,1
2017-11-29,17:32,7
2017-11-29,17:33,1
2017-11-29,17:34,2
2017-11-29,17:35,2
2017-11-29,17:36,2
2017-11-29,17:39,2
2017-11-29,17:45,3
2017-11-29,17:48,15
2017-11-29,17:49,3
2017-11-29,17:54,7
2017-11-29,17:55,16
2017-11-29,17:56,7
2017-11-29,17:57,7
2017-11-29,17:58,7
2017-11-29,18:00,1
2017-11-29,18:12,5
2017-11-29,18:13,2
2017-11-29,18:15,1
2017-11-29,18:17,3
2017-11-29,18:18,1
2017-11-29,18:20,1
2017-11-29,18:22,6
2017-11-29,18:23,7
2017-11-29,18:24,1
2017-11-29,18:25,7
2017-11-29,18:26,7
2017-11-29,18:27,3
2017-11-29,18:28,4
2017-11-29,18:40,15
2017-11-29,19:02,15
2017-11-29,19:22,1
2017-11-29,21:51,13
2017-11-29,21:52,5
2017-11-29,21:53,5
2017-11-29,22:21,10
2017-11-30,3:22,10
2017-11-30,6:31,7
2017-11-30,6:32,4
2017-11-30,6:33,6
2017-11-30,6:34,5
2017-11-30,6:35,1
2017-11-30,6:38,2
2017-11-30,6:46,1
2017-11-30,6:47,3
2017-11-30,6:48,2
2017-11-30,7:06,13
2017-11-30,7:07,9
2017-11-30,7:08,2
2017-11-30,7:24,5
2017-11-30,7:26,3
2017-11-30,7:52,11
2017-11-30,7:53,1
2017-11-30,8:08,1
2017-11-30,8:46,4
2017-11-30,8:47,8
2017-11-30,8:53,2
2017-11-30,9:35,20
2017-11-30,9:36,1
2017-11-30,9:56,18
2017-11-30,10:28,1
2017-11-30,10:40,4
2017-11-30,11:55,16
2017-11-30,11:56,5
2017-11-30,12:00,1
2017-11-30,12:02,15
2017-11-30,12:05,14
2017-11-30,12:06,13
2017-11-30,12:07,17
2017-11-30,12:09,1
2017-11-30,12:10,6
2017-11-30,12:11,10
2017-11-30,12:14,10
2017-11-30,12:16,17
2017-11-30,12:17,22
2017-11-30,12:18,31
2017-11-30,12:21,2
2017-11-30,12:22,12
2017-11-30,12:23,8
2017-11-30,12:24,1
2017-11-30,12:25,9
2017-11-30,12:26,5
2017-11-30,12:27,9
2017-11-30,12:28,1
2017-11-30,12:30,5
2017-11-30,12:32,4
2017-11-30,12:33,22
2017-11-30,12:34,8
2017-11-30,12:35,8
2017-11-30,12:36,3
2017-11-30,12:37,9
2017-11-30,12:38,7
2017-11-30,12:39,4
2017-11-30,12:40,1
2017-11-30,12:43,20
2017-11-30,12:44,1
2017-11-30,12:47,6
2017-11-30,12:49,29
2017-11-30,12:50,10
2017-11-30,12:51,2
2017-11-30,12:52,2
2017-11-30,12:53,5
2017-11-30,12:57,9
2017-11-30,12:58,5
2017-11-30,12:59,10
2017-11-30,13:00,4
2017-11-30,13:01,7
2017-11-30,13:02,7
2017-11-30,13:03,17
2017-11-30,13:04,11
2017-11-30,13:05,3
2017-11-30,13:06,19
2017-11-30,13:07,2
2017-11-30,13:11,4
2017-11-30,13:12,16
2017-11-30,13:15,6
2017-11-30,13:16,1
2017-11-30,13:17,14
2017-11-30,13:18,2
2017-11-30,13:20,1
2017-11-30,13:21,6
2017-11-30,13:22,13
2017-11-30,13:23,8
2017-11-30,13:24,8
2017-11-30,13:25,7
2017-11-30,13:38,11
2017-11-30,13:39,11
2017-11-30,13:40,1
2017-11-30,13:49,10
2017-11-30,13:51,2
2017-11-30,14:05,12
2017-11-30,14:06,11
2017-11-30,14:16,1
2017-11-30,14:17,3
2017-11-30,14:18,2
2017-11-30,14:26,14
2017-11-30,14:27,18
2017-11-30,14:28,17
2017-11-30,14:29,3
2017-11-30,14:33,2
2017-11-30,14:34,5
2017-11-30,14:37,1
2017-11-30,14:38,10
2017-11-30,14:39,3
2017-11-30,14:40,5
2017-11-30,14:42,10
2017-11-30,14:43,5
2017-11-30,14:44,2
2017-11-30,14:45,4
2017-11-30,14:46,2
2017-11-30,14:51,1
2017-11-30,14:52,9
2017-11-30,14:53,3
2017-11-30,14:54,10
2017-11-30,14:55,1
2017-11-30,14:56,16
2017-11-30,14:57,5
2017-11-30,14:58,15
2017-11-30,14:59,39
2017-11-30,15:00,52
2017-11-30,15:01,17
2017-11-30,15:02,9
2017-11-30,15:03,4
2017-11-30,15:04,5
2017-11-30,15:05,16
2017-11-30,15:06,19
2017-11-30,15:07,31
2017-11-30,15:08,19
2017-11-30,15:09,10
2017-11-30,15:10,5
2017-11-30,15:11,1
2017-11-30,15:12,33
2017-11-30,15:13,11
2017-11-30,15:14,5
2017-11-30,15:15,5
2017-11-30,15:16,6
2017-11-30,15:19,12
2017-11-30,15:20,17
2017-11-30,15:21,10
2017-11-30,15:22,12
2017-11-30,15:23,6
2017-11-30,15:24,8
2017-11-30,15:25,13
2017-11-30,15:26,3
2017-11-30,15:27,13
2017-11-30,15:28,14
2017-11-30,15:29,10
2017-11-30,15:30,13
2017-11-30,15:31,5
2017-11-30,15:32,18
2017-11-30,15:33,11
2017-11-30,15:34,24
2017-11-30,15:35,6
2017-11-30,15:36,10
2017-11-30,15:38,3
2017-11-30,15:39,10
2017-11-30,15:41,4
2017-11-30,15:42,18
2017-11-30,15:43,14
2017-11-30,15:44,5
2017-11-30,15:45,15
2017-11-30,15:46,10
2017-11-30,15:47,8
2017-11-30,15:48,19
2017-11-30,15:49,18
2017-11-30,15:50,16
2017-11-30,15:51,17
2017-11-30,15:52,28
2017-11-30,15:53,27
2017-11-30,15:54,5
2017-11-30,15:55,12
2017-11-30,15:56,18
2017-11-30,15:57,16
2017-11-30,15:58,9
2017-11-30,15:59,12
2017-11-30,16:00,10
2017-11-30,16:02,5
2017-11-30,16:03,14
2017-11-30,16:04,10
2017-11-30,16:05,12
2017-11-30,16:06,24
2017-11-30,16:07,9
2017-11-30,16:08,18
2017-11-30,16:09,27
2017-11-30,16:10,6
2017-11-30,16:11,5
2017-11-30,16:12,12
2017-11-30,16:13,21
2017-11-30,16:14,11
2017-11-30,16:15,27
2017-11-30,16:16,6
2017-11-30,16:17,15
2017-11-30,16:18,6
2017-11-30,16:19,4
2017-11-30,16:20,24
2017-11-30,16:21,6
2017-11-30,16:22,9
2017-11-30,16:23,7
2017-11-30,16:24,16
2017-11-30,16:25,15
2017-11-30,16:27,5
2017-11-30,16:30,16
2017-11-30,16:31,3
2017-11-30,16:32,5
2017-11-30,16:33,3
2017-11-30,16:34,19
2017-11-30,16:35,10
2017-11-30,16:36,10
2017-11-30,16:37,3
2017-11-30,16:38,20
2017-11-30,16:39,7
2017-11-30,16:40,6
2017-11-30,16:41,1
2017-11-30,16:42,2
2017-11-30,16:43,12
2017-11-30,16:45,6
2017-11-30,16:46,1
2017-11-30,16:47,11
2017-11-30,16:48,6
2017-11-30,16:49,10
2017-11-30,16:50,29
2017-11-30,16:51,9
2017-11-30,16:52,7
2017-11-30,16:53,1
2017-11-30,16:54,10
2017-11-30,16:55,11
2017-11-30,16:59,32
2017-11-30,17:00,33
2017-11-30,17:01,29
2017-11-30,17:02,36
2017-11-30,17:03,38
2017-11-30,17:04,1
2017-11-30,17:05,3
2017-11-30,17:06,14
2017-11-30,17:07,16
2017-11-30,17:08,4
2017-11-30,17:09,1
2017-11-30,17:12,1
2017-11-30,17:13,5
2017-11-30,17:14,17
2017-11-30,17:15,19
2017-11-30,17:16,16
2017-11-30,17:17,10
2017-11-30,17:18,10
2017-11-30,17:20,9
2017-11-30,17:21,5
2017-11-30,17:22,2
2017-11-30,17:23,12
2017-11-30,17:24,6
2017-11-30,17:25,14
2017-11-30,17:26,3
2017-11-30,17:27,2
2017-11-30,17:29,6
2017-11-30,17:30,4
2017-11-30,17:31,3
2017-11-30,17:36,2
2017-11-30,17:39,1
2017-11-30,17:42,2
2017-11-30,17:44,5
2017-11-30,17:45,19
2017-11-30,17:46,7
2017-11-30,17:47,5
2017-11-30,17:48,6
2017-11-30,17:49,1
2017-11-30,17:50,6
2017-11-30,17:52,5
2017-11-30,17:53,5
2017-11-30,17:54,8
2017-11-30,17:55,2
2017-11-30,17:56,1
2017-11-30,17:57,4
2017-11-30,17:58,7
2017-11-30,17:59,4
2017-11-30,18:00,14
2017-11-30,18:01,7
2017-11-30,18:02,2
2017-11-30,18:03,5
2017-11-30,18:04,2
2017-11-30,18:06,2
2017-11-30,18:08,3
2017-11-30,18:09,11
2017-11-30,18:18,3
2017-11-30,18:19,8
2017-11-30,18:40,7
2017-11-30,18:41,10
2017-11-30,18:42,10
2017-11-30,18:43,4
2017-11-30,18:44,1
2017-11-30,18:46,12
2017-11-30,18:47,13
2017-11-30,18:48,6
2017-11-30,18:49,5
2017-11-30,18:50,5
2017-11-30,18:54,1
2017-11-30,19:10,10
2017-11-30,19:21,15
2017-11-30,19:23,3
2017-11-30,19:24,3
2017-11-30,19:29,10
2017-11-30,19:36,4
2017-11-30,19:47,3
2017-11-30,19:48,7
2017-11-30,19:49,4
2017-11-30,19:58,12
2017-11-30,19:59,2
2017-11-30,20:02,8
2017-11-30,20:06,12
2017-11-30,20:07,9
2017-11-30,20:08,5
2017-11-30,20:09,4
2017-11-30,20:10,6
2017-11-30,20:11,7
2017-11-30,20:15,1
2017-11-30,20:26,12
2017-11-30,20:31,2
2017-11-30,20:33,5
2017-11-30,20:34,1
2017-11-30,20:43,4
2017-11-30,20:52,7
2017-11-30,20:53,2
2017-11-30,20:56,4
2017-11-30,20:57,2
2017-11-30,20:59,2
2017-11-30,21:00,7
2017-11-30,21:01,4
2017-11-30,21:29,2
2017-11-30,21:48,2
2017-12-01,0:06,2
2017-12-01,0:40,2
2017-12-01,0:41,4
2017-12-01,0:45,2
2017-12-01,1:30,1
2017-12-01,4:09,1
2017-12-01,4:10,13
2017-12-01,4:11,5
2017-12-01,4:12,2
2017-12-01,5:52,10
2017-12-01,6:11,4
2017-12-01,6:23,2
2017-12-01,6:24,11
2017-12-01,6:25,2
2017-12-01,6:26,4
2017-12-01,6:28,10
2017-12-01,6:36,9
2017-12-01,6:52,10
2017-12-01,6:54,7
2017-12-01,7:03,33
2017-12-01,7:04,32
2017-12-01,8:17,13
2017-12-01,8:29,4
2017-12-01,8:30,4
2017-12-01,8:31,3
2017-12-01,8:32,1
2017-12-01,8:34,3
2017-12-01,9:06,3
2017-12-01,10:25,2
2017-12-01,10:27,2
2017-12-01,10:30,2
2017-12-01,10:31,8
2017-12-01,10:32,3
2017-12-01,10:45,1
2017-12-01,10:50,9
2017-12-01,10:51,3
2017-12-01,10:52,5
2017-12-01,13:18,10
2017-12-01,13:36,4
2017-12-01,13:37,3
2017-12-01,14:21,12
2017-12-01,14:22,2
2017-12-01,14:58,11
2017-12-01,14:59,1
2017-12-01,15:00,7
2017-12-01,15:01,4
2017-12-01,15:02,2
2017-12-01,15:03,2
2017-12-01,15:31,5
2017-12-01,15:32,5
2017-12-01,15:33,7
2017-12-01,15:34,1
2017-12-01,15:44,3
2017-12-01,16:27,8
2017-12-01,16:51,4
2017-12-01,16:52,2
2017-12-01,16:53,1
2017-12-01,16:54,1
2017-12-01,17:02,4
2017-12-01,17:09,1
2017-12-01,18:06,2
2017-12-01,18:07,2
2017-12-01,18:08,2
2017-12-01,18:10,8
2017-12-01,18:11,15
2017-12-01,18:12,10
2017-12-01,18:13,6
2017-12-01,19:01,16
2017-12-01,19:02,14
2017-12-01,19:03,7
2017-12-01,19:04,5
2017-12-01,19:06,2
2017-12-01,19:07,5
2017-12-01,19:08,4
2017-12-01,19:20,2
2017-12-01,20:35,4
2017-12-01,22:08,14
2017-12-01,22:09,5
2017-12-01,22:13,2
2017-12-01,22:19,1
2017-12-01,22:21,3
2017-12-01,22:22,2
2017-12-01,22:23,3
2017-12-01,23:03,2
2017-12-02,2:25,2
2017-12-02,2:50,1
2017-12-02,2:51,1
2017-12-02,4:47,2
2017-12-02,4:59,2
2017-12-02,6:31,2
2017-12-02,7:15,2
2017-12-02,7:58,2
2017-12-02,8:16,9
2017-12-02,8:17,2
2017-12-02,8:53,2
2017-12-02,11:01,2
2017-12-02,11:49,2
2017-12-02,12:03,2
2017-12-02,12:10,3
2017-12-02,12:11,3
2017-12-02,13:26,11
2017-12-02,13:27,3
2017-12-02,13:28,6
2017-12-02,15:27,9
2017-12-02,15:45,3
2017-12-02,16:44,16
2017-12-02,16:45,7
2017-12-02,16:46,11
2017-12-02,16:47,7
2017-12-02,16:49,2
2017-12-02,18:35,2
2017-12-02,18:36,1
2017-12-02,18:46,2
2017-12-02,19:18,11
2017-12-02,19:28,4
2017-12-02,19:29,5
2017-12-02,19:31,4
2017-12-02,19:32,1
2017-12-02,20:16,3
2017-12-02,21:19,2
2017-12-02,21:59,18
2017-12-02,22:36,1
2017-12-03,2:28,2
2017-12-03,3:28,1
2017-12-03,5:58,3
2017-12-03,8:02,3
2017-12-03,10:19,19
2017-12-03,10:20,4
2017-12-03,10:21,1
2017-12-03,14:05,2
2017-12-03,14:27,2
2017-12-03,14:31,1
2017-12-03,14:33,9
2017-12-03,14:39,8
2017-12-03,14:40,6
2017-12-03,14:41,5
2017-12-03,14:42,7
2017-12-03,14:43,5
2017-12-03,14:44,3
2017-12-03,14:45,2
2017-12-03,14:49,1
2017-12-03,14:50,2
2017-12-03,14:51,4
2017-12-03,15:18,1
2017-12-03,15:53,10
2017-12-03,16:03,2
2017-12-03,17:40,1
2017-12-03,19:13,1
2017-12-12,7:51,10
2017-12-12,8:44,3
2017-12-12,9:23,14
2017-12-12,9:24,10
2017-12-12,9:25,1
2017-12-12,10:26,2
2017-12-12,11:13,1
2017-12-12,13:30,12
2017-12-12,13:42,2
2017-12-12,14:53,2
2017-12-12,16:07,2
2017-12-12,17:44,2
2017-12-12,17:47,8
2017-12-12,17:48,2
2017-12-12,17:52,10
2017-12-12,19:47,2
2017-12-12,23:58,3
2017-12-13,0:26,1
2017-12-13,1:05,2
2017-12-13,1:09,2
2017-12-13,1:59,1
2017-12-13,2:46,2
2017-12-13,5:00,2
2017-12-13,8:05,12
2017-12-13,9:02,4
2017-12-13,10:24,2
2017-12-13,11:06,2
2017-12-13,11:53,16
2017-12-13,11:54,4
2017-12-13,13:27,19
2017-12-13,13:29,2
2017-12-13,13:40,3
2017-12-13,13:53,11
2017-12-13,14:20,12
2017-12-13,14:21,6
2017-12-13,14:22,1
2017-12-13,16:14,2
2017-12-13,16:15,5
2017-12-13,17:44,2
2017-12-13,18:12,5
2017-12-13,18:13,5
2017-12-13,19:16,2
2017-12-13,19:17,2
2017-12-13,20:10,4
2017-12-13,21:05,2
2017-12-14,0:00,11
2017-12-14,1:57,14
2017-12-14,1:58,4
2017-12-14,2:34,5
2017-12-14,4:53,10
2017-12-14,4:54,2
2017-12-14,4:59,3
2017-12-14,5:00,2
2017-12-14,5:10,3
2017-12-14,5:17,4
2017-12-14,7:09,4
2017-12-14,9:23,4
2017-12-14,9:27,1
2017-12-14,9:39,1
2017-12-14,10:15,9
2017-12-14,10:16,2
2017-12-14,11:13,12
2017-12-14,11:17,2
2017-12-14,12:55,2
2017-12-14,13:20,2
2017-12-14,15:16,3
2017-12-14,15:31,12
2017-12-14,15:32,5
2017-12-14,15:44,2
2017-12-14,17:58,2
2017-12-14,17:59,2
2017-12-14,19:00,2
2017-12-14,19:49,2
2017-12-14,20:05,12
2017-12-14,20:06,4
2017-12-14,20:14,10
2017-12-14,20:15,3
2017-12-14,20:16,1
2017-12-14,20:56,2
2017-12-14,22:18,2
2017-12-14,23:50,2
2017-12-14,23:53,2
2017-12-15,1:40,2
2017-12-15,8:47,12
2017-12-15,8:48,1
2017-12-15,8:54,3
2017-12-15,8:55,18
2017-12-15,9:19,12
2017-12-15,13:35,16
2017-12-15,13:36,1
2017-12-15,17:06,13
2017-12-15,17:07,10
2017-12-15,19:15,3
2017-12-15,19:19,1
2017-12-15,19:43,1
2017-12-15,19:51,1
2017-12-15,19:53,1
2017-12-15,22:19,3
2017-12-15,22:23,2
2017-12-16,0:48,12
2017-12-16,4:53,4
2017-12-16,6:49,5
2017-12-16,6:50,6
2017-12-16,7:33,4
2017-12-16,10:28,3
2017-12-16,10:47,2
2017-12-16,12:27,2
2017-12-16,13:32,2
2017-12-16,13:52,2
2017-12-16,15:09,14
2017-12-16,15:10,2
2017-12-16,15:24,2
2017-12-16,16:01,2
2017-12-16,16:20,11
2017-12-16,16:21,15
2017-12-16,16:22,8
2017-12-16,16:23,1
2017-12-16,16:31,3
2017-12-16,16:52,7
2017-12-16,17:04,3
2017-12-16,17:05,1
2017-12-16,18:03,11
2017-12-16,18:04,5
2017-12-16,18:05,2
2017-12-16,18:33,3
2017-12-16,18:55,3
2017-12-16,19:11,2
2017-12-16,19:12,2
2017-12-16,19:13,3
2017-12-16,19:34,2
2017-12-16,20:16,2
2017-12-16,21:37,2
2017-12-16,22:25,2
2017-12-16,23:03,3
2017-12-16,23:04,2
2017-12-17,0:31,2
2017-12-17,1:24,2
2017-12-17,2:50,2
2017-12-17,2:53,2
2017-12-17,3:51,2
2017-12-17,4:59,11
2017-12-17,7:31,2
2017-12-17,8:02,2
2017-12-17,9:05,2
2017-12-17,10:23,2
2017-12-17,12:13,2
2017-12-17,12:40,1
2017-12-17,12:41,2
2017-12-17,16:38,9
2017-12-17,18:41,13
2017-12-17,18:42,6
2017-12-17,18:43,8
2017-12-17,18:44,1
2017-12-17,18:47,10
2017-12-17,20:33,11
2017-12-18,4:39,14
2017-12-18,8:14,3
2017-12-18,8:19,4
2017-12-18,8:50,16
2017-12-18,8:51,3
2017-12-18,8:52,1
2017-12-18,9:20,1
2017-12-18,11:23,11
2017-12-18,11:57,15
2017-12-18,11:58,8
2017-12-18,12:00,7
2017-12-18,12:01,2
2017-12-18,12:02,1
2017-12-18,13:59,14
2017-12-18,14:02,5
2017-12-18,14:05,2
2017-12-18,14:07,2
2017-12-18,18:57,12
2017-12-18,19:01,6
2017-12-18,19:02,3
2017-12-18,19:03,8
2017-12-18,19:04,11
2017-12-18,19:05,11
2017-12-18,19:06,3
2017-12-18,19:07,2
2017-12-18,21:27,13
2017-12-19,11:26,22
2017-12-19,11:27,3
2017-12-19,14:19,1
2017-12-19,14:20,4
2017-12-19,15:38,2
2017-12-19,16:56,6
2017-12-19,18:03,3
2017-12-19,18:23,2
2017-12-19,20:03,3
2017-12-19,21:27,4
2017-12-19,22:49,2
2017-12-19,23:09,2
2017-12-19,23:16,1
2017-12-20,1:36,1
2017-12-20,1:37,1
2017-12-20,2:48,1
2017-12-20,2:49,3
2017-12-20,6:57,3
2017-12-20,6:58,13
2017-12-20,8:15,10
2017-12-20,8:16,8
2017-12-20,8:17,7
2017-12-20,8:19,2
2017-12-20,8:21,1
2017-12-20,8:52,3
2017-12-20,8:53,1
2017-12-20,15:44,13
2017-12-20,17:21,11
2017-12-20,17:22,4
2017-12-20,18:45,16
2017-12-21,15:44,36
2017-12-21,15:46,1
2017-12-21,15:51,3
2017-12-21,22:22,9
2017-12-21,22:23,5
2017-12-21,22:24,11
2017-12-21,22:25,6
2017-12-21,22:26,1
2017-12-22,18:59,11
2017-12-23,3:47,3
2017-12-23,4:56,16
2017-12-23,4:57,4
2017-12-23,4:58,6
2017-12-23,4:59,2
2017-12-23,5:00,2
2017-12-23,7:16,2
2017-12-23,8:16,8
2018-01-16,6:00,12
2018-01-16,6:01,3
2018-01-16,6:02,7
2018-01-16,6:03,8
2018-01-16,6:04,6
2018-01-16,6:12,1
2018-01-16,6:13,1
2018-01-16,6:14,3
2018-01-16,6:15,5
2018-01-16,7:21,28
2018-01-16,8:18,1
2018-01-16,10:51,1
2018-01-17,0:06,8
2018-01-17,2:33,1
2018-01-17,16:15,1
2018-01-17,20:15,11
2018-01-17,20:19,8
2018-01-18,12:46,12
2018-01-18,12:47,8
2018-01-18,12:48,9
2018-01-18,12:49,5
2018-01-18,12:50,8
2018-01-18,15:25,3
2018-01-18,16:58,11
2018-01-18,16:59,7
2018-01-29,20:17,45
2018-01-29,20:18,174
2018-01-29,20:19,45
2018-01-29,20:20,235
2018-01-29,20:21,121
2018-01-29,20:22,30
2018-01-29,20:23,252
2018-01-29,20:24,142
2018-01-29,20:25,14
2018-01-29,20:26,237
2018-01-29,20:27,124
2018-01-29,20:28,11
2018-01-29,20:29,208
2018-01-29,20:30,116
2018-01-29,20:31,25
2018-01-29,20:32,236
2018-01-29,20:33,116
2018-01-29,20:34,15
2018-01-29,20:35,242
2018-01-29,20:36,124
2018-01-29,20:37,5
2018-01-29,20:38,254
2018-01-29,20:39,119
2018-01-29,20:40,9
2018-01-29,20:41,235
2018-01-29,20:42,111
2018-01-29,20:43,14
2018-01-29,20:44,228
2018-01-29,20:45,97
2018-01-29,20:46,22
2018-01-29,20:47,277
2018-01-29,20:48,143
2018-01-29,20:49,148
2018-01-29,20:50,11
2018-01-29,20:51,213
2018-01-29,20:52,116
2018-01-29,20:53,113
2018-01-29,20:54,282
2018-01-29,20:55,110
2018-01-29,20:56,73
2018-02-15,3:10,13
2018-02-15,13:22,1
2018-02-15,17:06,3
2018-02-15,22:19,3
2018-02-16,4:47,1
2018-02-16,11:37,3
2018-02-16,11:40,14
2018-02-16,17:20,1
2018-02-16,19:12,14
2018-02-17,6:46,1
2018-02-17,8:58,8
2018-02-17,12:01,2
2018-02-17,13:39,12
2018-02-17,15:28,2
2018-02-17,17:20,14
2018-02-17,18:37,1
2018-02-17,19:44,1
2018-02-17,19:53,5
2018-02-17,20:08,15
2018-02-17,20:20,4
2018-02-18,16:06,2
2018-02-18,19:40,21
2018-02-18,19:46,3
2018-02-18,19:47,7
2018-02-18,19:48,1
2018-02-19,12:50,1
2018-02-19,12:54,1
2018-02-19,12:56,1
2018-02-19,17:11,1
2018-02-19,17:17,1
2018-02-19,19:09,1
2018-02-19,19:51,22
2018-02-19,19:52,2
2018-02-19,23:38,1
2018-02-19,23:41,1
2018-02-20,1:48,1
2018-02-20,1:50,1
2018-02-20,1:51,1
2018-02-20,7:05,1
2018-02-20,7:06,1
2018-02-20,9:23,15
2018-02-20,9:24,1
2018-02-20,11:04,7
2018-02-20,11:13,10
2018-02-20,11:14,2
2018-02-20,13:34,2
2018-02-20,13:58,3
2018-02-20,14:38,14
2018-02-20,16:08,1
2018-02-20,16:09,2
2018-02-21,4:46,2
2018-02-21,4:47,2
2018-02-21,5:05,13
2018-02-21,5:07,2
2018-02-21,5:16,12
2018-02-21,5:17,3
2018-02-21,10:48,1
2018-02-21,12:41,12
2018-02-21,12:42,9
2018-02-21,12:43,2
2018-02-21,12:45,2
2018-02-21,12:51,12
2018-02-21,12:53,3
2018-02-21,13:59,1
2018-02-21,14:00,2
2018-02-21,15:26,12
2018-02-21,16:19,2
2018-02-21,17:20,2
2018-02-21,18:33,12
2018-02-21,18:34,2
2018-02-21,20:08,2
2018-02-22,6:25,12
2018-02-22,6:26,12
2018-02-22,6:29,4
2018-02-22,6:30,18
2018-02-22,6:31,7
2018-02-22,6:32,1
2018-02-22,6:43,5
2018-02-22,6:44,9
2018-02-22,6:45,19
2018-02-22,6:46,12
2018-02-22,7:11,10
2018-02-22,7:26,3
2018-02-22,8:41,2
2018-02-22,10:40,2
2018-02-22,12:41,12
2018-02-22,12:42,5
2018-02-22,12:43,9
2018-02-22,12:44,5
2018-02-22,13:01,12
2018-02-22,14:32,13
2018-02-22,15:02,13
2018-02-22,15:03,9
2018-02-22,15:04,2
2018-02-22,15:20,2
2018-02-22,16:04,16
2018-02-22,18:19,12
2018-02-22,18:20,1
2018-02-22,23:37,3
2018-02-22,23:56,1
2018-02-23,4:04,13
2018-02-23,4:05,3
2018-02-23,5:08,20
2018-02-23,5:09,3
2018-02-23,8:51,15
2018-02-23,13:33,1
2018-02-23,16:59,12
2018-02-23,17:06,2
2018-02-23,23:42,18
2018-02-23,23:43,14
2018-02-23,23:44,6
2018-02-23,23:45,7
2018-02-23,23:46,11
2018-02-23,23:49,2
2018-02-24,0:03,10
2018-02-24,0:07,1
2018-02-24,0:42,1
2018-02-24,12:01,2
2018-02-24,16:37,1
2018-02-25,3:04,10
2018-02-25,6:15,2
2018-02-25,6:16,17
2018-02-25,6:17,12
2018-02-25,6:18,1
2018-02-25,6:19,16
2018-02-25,6:20,14
2018-02-25,6:21,10
2018-02-25,7:05,1
2018-02-25,9:33,13
2018-02-25,13:13,12
2018-02-25,13:34,3
2018-02-25,14:51,11
2018-02-25,17:24,12
2018-02-25,17:25,5
2018-02-26,0:44,8
2018-02-26,3:35,2
2018-02-26,3:53,13
2018-02-26,3:55,9
2018-02-26,3:56,5
2018-02-26,6:19,2
2018-02-26,6:46,14
2018-02-26,6:47,2
2018-02-26,9:13,3
2018-02-26,9:47,9
2018-02-26,10:55,2
2018-02-26,14:19,11
2018-02-26,14:20,3
2018-02-26,14:21,7
2018-02-26,14:22,1
2018-02-26,14:23,1
2018-02-26,16:54,2
2018-02-26,19:21,2
2018-02-26,19:24,2
2018-02-27,0:45,2
2018-02-27,11:13,2
2018-02-27,11:14,1
2018-02-27,13:29,1
2018-02-27,16:35,17
2018-02-27,16:36,8
2018-02-27,18:24,10
2018-02-27,18:26,1
2018-02-27,18:58,1
2018-02-27,19:13,9
2018-02-27,22:00,13
2018-02-27,22:03,3
2018-02-27,22:04,10
2018-02-27,22:07,4
2018-02-27,22:09,1
2018-02-28,3:02,13
2018-02-28,3:03,7
2018-02-28,3:37,2
2018-02-28,3:38,6
2018-02-28,3:44,3
2018-02-28,3:45,8
2018-02-28,3:46,1
2018-02-28,6:06,10
2018-02-28,12:16,3
2018-02-28,12:59,9
2018-02-28,13:00,11
2018-02-28,13:01,3
2018-02-28,13:19,1
2018-02-28,13:38,3
2018-02-28,13:39,3
2018-02-28,13:40,1
2018-02-28,13:43,1
2018-02-28,15:01,1
2018-02-28,15:02,1
2018-02-28,15:20,1
2018-02-28,15:21,1
2018-02-28,15:25,1
2018-02-28,15:27,1
2018-02-28,16:28,1
2018-02-28,20:46,12
2018-02-28,20:47,9
2018-02-28,20:48,7
2018-02-28,20:49,1
2018-02-28,21:23,1
2018-02-28,21:24,1
2018-03-01,0:37,1
2018-03-01,0:38,2
2018-03-01,4:19,1
2018-03-01,4:20,6
2018-03-01,9:18,2
2018-03-01,9:19,1
2018-03-01,11:08,1
2018-03-01,12:08,1
2018-03-01,13:39,16
2018-03-02,4:30,14
2018-03-02,4:47,13
2018-03-02,4:48,6
2018-03-02,4:49,2
2018-03-02,4:50,2
2018-03-02,4:53,2
2018-03-02,4:54,1
2018-03-02,5:01,10
2018-03-02,6:31,14
2018-03-02,6:32,1
2018-03-02,6:33,1
2018-03-02,6:34,18
2018-03-02,6:35,1
2018-03-02,6:37,5
2018-03-02,6:38,7
2018-03-02,6:39,1
2018-03-02,6:40,2
2018-03-02,6:41,1
2018-03-02,6:55,3
2018-03-02,14:31,1
2018-03-02,15:45,19
2018-03-02,15:46,12
2018-03-02,15:47,7
